id,person_id,task_id,date,hours,allocated_task_id
1,14,73,2024-03-24,8.0,1
2,14,73,2024-03-25,5.0,1
3,14,73,2024-03-26,5.0,1
4,14,73,2024-03-27,8.0,1
5,19,73,2024-03-24,3.0,2
6,19,73,2024-03-25,8.0,2
7,19,73,2024-03-26,6.0,2
8,19,73,2024-03-27,8.0,2
9,3,74,2024-03-24,3.0,3
10,3,74,2024-03-25,5.0,3
11,3,74,2024-03-26,5.0,3
12,2,74,2024-03-24,8.0,4
13,2,74,2024-03-25,7.0,4
14,2,74,2024-03-26,8.0,4
15,2,74,2024-03-27,2.0,4
16,15,75,2024-03-24,7.0,5
17,15,75,2024-03-25,3.0,5
18,15,75,2024-03-26,6.0,5
19,15,75,2024-03-27,5.0,5
20,25,76,2024-03-31,4.0,6
21,25,76,2024-04-01,3.0,6
22,25,76,2024-04-02,8.0,6
23,25,76,2024-04-03,6.0,6
24,7,77,2024-03-31,6.0,7
25,7,77,2024-04-01,2.0,7
26,22,77,2024-03-31,5.0,8
27,22,77,2024-04-01,6.0,8
28,9,78,2024-03-31,7.0,9
29,9,78,2024-04-01,5.0,9
30,9,78,2024-04-02,8.0,9
31,9,78,2024-04-03,5.0,9
32,3,79,2024-03-31,5.0,10
33,3,79,2024-04-01,2.0,10
34,12,79,2024-03-31,8.0,11
35,12,79,2024-04-01,3.0,11
36,12,79,2024-04-02,6.0,11
37,12,79,2024-04-03,8.0,11
38,7,80,2024-03-31,5.0,12
39,7,80,2024-04-01,7.0,12
40,7,80,2024-04-02,6.0,12
41,7,80,2024-04-03,4.0,12
42,2,81,2024-04-07,7.0,13
43,2,81,2024-04-08,8.0,13
44,15,82,2024-04-07,6.0,14
45,15,82,2024-04-08,5.0,14
46,14,82,2024-04-07,6.0,15
47,14,82,2024-04-08,5.0,15
48,14,82,2024-04-09,6.0,15
49,14,82,2024-04-10,3.0,15
50,15,83,2024-04-07,6.0,16
51,15,83,2024-04-08,6.0,16
52,15,83,2024-04-09,6.0,16
53,15,83,2024-04-10,2.0,16
54,22,83,2024-04-07,5.0,17
55,22,83,2024-04-08,2.0,17
56,22,83,2024-04-09,6.0,17
57,22,83,2024-04-10,3.0,17
58,8,84,2024-04-07,6.0,18
59,8,84,2024-04-08,6.0,18
60,8,84,2024-04-09,7.0,18
61,12,85,2024-04-14,7.0,19
62,12,85,2024-04-15,3.0,19
63,12,85,2024-04-16,2.0,19
64,15,85,2024-04-14,3.0,20
65,15,85,2024-04-15,6.0,20
66,15,85,2024-04-16,2.0,20
67,15,85,2024-04-17,2.0,20
68,2,86,2024-04-14,4.0,21
69,2,86,2024-04-15,6.0,21
70,14,86,2024-04-14,5.0,22
71,14,86,2024-04-15,4.0,22
72,14,86,2024-04-16,3.0,22
73,14,86,2024-04-17,8.0,22
74,22,87,2024-04-14,5.0,23
75,22,87,2024-04-15,8.0,23
76,23,87,2024-04-14,4.0,24
77,23,87,2024-04-15,2.0,24
78,20,88,2024-04-14,6.0,25
79,20,88,2024-04-15,6.0,25
80,9,88,2024-04-14,3.0,26
81,9,88,2024-04-15,8.0,26
82,4,89,2024-04-14,2.0,27
83,4,89,2024-04-15,6.0,27
84,26,89,2024-04-14,5.0,28
85,26,89,2024-04-15,6.0,28
86,26,89,2024-04-16,6.0,28
87,9,90,2024-04-21,7.0,29
88,9,90,2024-04-22,3.0,29
89,9,90,2024-04-23,7.0,29
90,9,90,2024-04-24,4.0,29
91,23,90,2024-04-21,4.0,30
92,23,90,2024-04-22,3.0,30
93,23,90,2024-04-23,8.0,30
94,22,91,2024-04-21,3.0,31
95,22,91,2024-04-22,5.0,31
96,22,91,2024-04-23,8.0,31
97,7,91,2024-04-21,4.0,32
98,7,91,2024-04-22,2.0,32
99,21,92,2024-04-21,4.0,33
100,21,92,2024-04-22,5.0,33
101,21,92,2024-04-23,6.0,33
102,21,92,2024-04-24,7.0,33
103,10,92,2024-04-21,6.0,34
104,10,92,2024-04-22,8.0,34
105,21,93,2024-04-28,7.0,35
106,21,93,2024-04-29,7.0,35
107,13,94,2024-04-28,4.0,36
108,13,94,2024-04-29,5.0,36
109,13,94,2024-04-30,8.0,36
110,3,95,2024-04-28,3.0,37
111,3,95,2024-04-29,6.0,37
112,3,95,2024-04-30,6.0,37
113,8,95,2024-04-28,8.0,38
114,8,95,2024-04-29,8.0,38
115,4,96,2024-04-28,3.0,39
116,4,96,2024-04-29,2.0,39
117,24,97,2024-05-05,8.0,40
118,24,97,2024-05-06,5.0,40
119,7,97,2024-05-05,5.0,41
120,7,97,2024-05-06,7.0,41
121,7,97,2024-05-07,3.0,41
122,1,98,2024-05-05,5.0,42
123,1,98,2024-05-06,4.0,42
124,1,98,2024-05-07,7.0,42
125,14,98,2024-05-05,2.0,43
126,14,98,2024-05-06,4.0,43
127,4,99,2024-05-05,4.0,44
128,4,99,2024-05-06,5.0,44
129,4,99,2024-05-07,7.0,44
130,21,100,2024-05-12,8.0,45
131,21,100,2024-05-13,5.0,45
132,21,100,2024-05-14,3.0,45
133,21,100,2024-05-15,5.0,45
134,3,100,2024-05-12,3.0,46
135,3,100,2024-05-13,6.0,46
136,3,100,2024-05-14,3.0,46
137,24,101,2024-05-12,7.0,47
138,24,101,2024-05-13,7.0,47
139,24,101,2024-05-14,3.0,47
140,24,101,2024-05-15,6.0,47
141,26,102,2024-05-12,2.0,48
142,26,102,2024-05-13,3.0,48
143,21,102,2024-05-12,7.0,49
144,21,102,2024-05-13,6.0,49
145,1,103,2024-05-12,5.0,50
146,1,103,2024-05-13,6.0,50
147,23,104,2024-05-12,7.0,51
148,23,104,2024-05-13,3.0,51
149,23,104,2024-05-14,3.0,51
150,22,105,2024-05-19,6.0,52
151,22,105,2024-05-20,3.0,52
152,22,105,2024-05-21,4.0,52
153,18,106,2024-05-19,4.0,53
154,18,106,2024-05-20,2.0,53
155,18,106,2024-05-21,2.0,53
156,5,106,2024-05-19,4.0,54
157,5,106,2024-05-20,8.0,54
158,5,106,2024-05-21,3.0,54
159,9,107,2024-05-19,4.0,55
160,9,107,2024-05-20,7.0,55
161,9,107,2024-05-21,5.0,55
162,9,107,2024-05-22,2.0,55
163,14,108,2024-05-26,2.0,56
164,14,108,2024-05-27,3.0,56
165,14,108,2024-05-28,4.0,56
166,14,109,2024-05-26,4.0,57
167,14,109,2024-05-27,4.0,57
168,17,110,2024-05-26,3.0,58
169,17,110,2024-05-27,6.0,58
170,21,110,2024-05-26,5.0,59
171,21,110,2024-05-27,7.0,59
172,21,110,2024-05-28,6.0,59
173,21,110,2024-05-29,8.0,59
174,14,111,2024-06-02,6.0,60
175,14,111,2024-06-03,7.0,60
176,18,112,2024-06-02,5.0,61
177,18,112,2024-06-03,5.0,61
178,18,112,2024-06-04,6.0,61
179,18,112,2024-06-05,8.0,61
180,2,112,2024-06-02,3.0,62
181,2,112,2024-06-03,6.0,62
182,18,113,2024-06-02,7.0,63
183,18,113,2024-06-03,4.0,63
184,22,114,2024-06-02,3.0,64
185,22,114,2024-06-03,8.0,64
186,22,114,2024-06-04,4.0,64
187,15,114,2024-06-02,2.0,65
188,15,114,2024-06-03,8.0,65
189,15,114,2024-06-04,8.0,65
190,15,114,2024-06-05,2.0,65
191,12,115,2024-06-02,7.0,66
192,12,115,2024-06-03,3.0,66
193,12,115,2024-06-04,8.0,66
194,5,115,2024-06-02,2.0,67
195,5,115,2024-06-03,4.0,67
196,19,116,2024-06-09,2.0,68
197,19,116,2024-06-10,3.0,68
198,10,116,2024-06-09,3.0,69
199,10,116,2024-06-10,3.0,69
200,10,116,2024-06-11,3.0,69
201,19,117,2024-06-09,3.0,70
202,19,117,2024-06-10,7.0,70
203,19,117,2024-06-11,4.0,70
204,19,117,2024-06-12,2.0,70
205,17,118,2024-06-09,3.0,71
206,17,118,2024-06-10,7.0,71
207,26,118,2024-06-09,3.0,72
208,26,118,2024-06-10,5.0,72
209,10,119,2024-06-09,3.0,73
210,10,119,2024-06-10,4.0,73
211,10,119,2024-06-11,5.0,73
212,10,119,2024-06-12,2.0,73
213,18,120,2024-06-09,6.0,74
214,18,120,2024-06-10,7.0,74
215,18,120,2024-06-11,5.0,74
216,21,121,2024-06-16,6.0,75
217,21,121,2024-06-17,5.0,75
218,21,121,2024-06-18,5.0,75
219,4,122,2024-06-16,6.0,76
220,4,122,2024-06-17,8.0,76
221,4,122,2024-06-18,4.0,76
222,6,123,2024-06-16,3.0,77
223,6,123,2024-06-17,6.0,77
224,9,123,2024-06-16,4.0,78
225,9,123,2024-06-17,8.0,78
226,9,123,2024-06-18,2.0,78
227,9,123,2024-06-19,5.0,78
228,19,124,2024-06-23,3.0,79
229,19,124,2024-06-24,2.0,79
230,19,124,2024-06-25,5.0,79
231,22,124,2024-06-23,4.0,80
232,22,124,2024-06-24,8.0,80
233,22,124,2024-06-25,6.0,80
234,22,124,2024-06-26,3.0,80
235,13,125,2024-06-23,4.0,81
236,13,125,2024-06-24,5.0,81
237,13,125,2024-06-25,6.0,81
238,4,126,2024-06-23,5.0,82
239,4,126,2024-06-24,7.0,82
240,7,127,2024-06-23,3.0,83
241,7,127,2024-06-24,3.0,83
242,22,128,2024-06-23,8.0,84
243,22,128,2024-06-24,6.0,84
244,24,128,2024-06-23,2.0,85
245,24,128,2024-06-24,5.0,85
246,9,129,2024-06-30,6.0,86
247,9,129,2024-07-01,4.0,86
248,6,130,2024-06-30,8.0,87
249,6,130,2024-07-01,2.0,87
250,6,130,2024-07-02,8.0,87
251,6,130,2024-07-03,6.0,87
252,12,131,2024-06-30,5.0,88
253,12,131,2024-07-01,2.0,88
254,24,131,2024-06-30,7.0,89
255,24,131,2024-07-01,5.0,89
256,15,132,2024-06-30,3.0,90
257,15,132,2024-07-01,6.0,90
258,15,132,2024-07-02,7.0,90
259,14,133,2024-06-30,5.0,91
260,14,133,2024-07-01,8.0,91
261,14,133,2024-07-02,7.0,91
262,25,133,2024-06-30,7.0,92
263,25,133,2024-07-01,2.0,92
264,25,133,2024-07-02,6.0,92
265,5,134,2024-07-07,4.0,93
266,5,134,2024-07-08,4.0,93
267,25,134,2024-07-07,3.0,94
268,25,134,2024-07-08,5.0,94
269,25,134,2024-07-09,8.0,94
270,25,134,2024-07-10,6.0,94
271,18,135,2024-07-07,3.0,95
272,18,135,2024-07-08,7.0,95
273,18,135,2024-07-09,2.0,95
274,23,136,2024-07-07,4.0,96
275,23,136,2024-07-08,3.0,96
276,3,137,2024-07-07,8.0,97
277,3,137,2024-07-08,4.0,97
278,3,137,2024-07-09,3.0,97
279,22,137,2024-07-07,8.0,98
280,22,137,2024-07-08,7.0,98
281,22,137,2024-07-09,6.0,98
282,22,137,2024-07-10,6.0,98
283,21,138,2024-07-14,6.0,99
284,21,138,2024-07-15,4.0,99
285,21,138,2024-07-16,4.0,99
286,25,139,2024-07-14,4.0,100
287,25,139,2024-07-15,3.0,100
288,25,139,2024-07-16,4.0,100
289,25,139,2024-07-17,8.0,100
290,20,140,2024-07-14,7.0,101
291,20,140,2024-07-15,6.0,101
292,2,141,2024-07-14,8.0,102
293,2,141,2024-07-15,7.0,102
294,2,141,2024-07-16,7.0,102
295,2,141,2024-07-17,8.0,102
296,8,141,2024-07-14,4.0,103
297,8,141,2024-07-15,7.0,103
298,8,141,2024-07-16,4.0,103
299,17,142,2024-07-21,2.0,104
300,17,142,2024-07-22,5.0,104
301,17,142,2024-07-23,3.0,104
302,17,142,2024-07-24,3.0,104
303,16,143,2024-07-21,7.0,105
304,16,143,2024-07-22,5.0,105
305,16,143,2024-07-23,4.0,105
306,4,144,2024-07-21,6.0,106
307,4,144,2024-07-22,6.0,106
308,18,145,2024-07-28,7.0,107
309,18,145,2024-07-29,7.0,107
310,18,145,2024-07-30,7.0,107
311,12,145,2024-07-28,2.0,108
312,12,145,2024-07-29,6.0,108
313,12,145,2024-07-30,6.0,108
314,12,145,2024-07-31,2.0,108
315,7,146,2024-07-28,7.0,109
316,7,146,2024-07-29,4.0,109
317,7,146,2024-07-30,8.0,109
318,10,146,2024-07-28,4.0,110
319,10,146,2024-07-29,6.0,110
320,10,146,2024-07-30,5.0,110
321,1,147,2024-07-28,6.0,111
322,1,147,2024-07-29,6.0,111
323,13,147,2024-07-28,4.0,112
324,13,147,2024-07-29,3.0,112
325,2,148,2024-08-04,4.0,113
326,2,148,2024-08-05,6.0,113
327,11,149,2024-08-04,4.0,114
328,11,149,2024-08-05,7.0,114
329,11,149,2024-08-06,5.0,114
330,26,149,2024-08-04,6.0,115
331,26,149,2024-08-05,4.0,115
332,11,150,2024-08-04,6.0,116
333,11,150,2024-08-05,6.0,116
334,11,150,2024-08-06,5.0,116
335,13,150,2024-08-04,8.0,117
336,13,150,2024-08-05,8.0,117
337,13,150,2024-08-06,8.0,117
338,13,150,2024-08-07,5.0,117
339,26,151,2024-08-04,6.0,118
340,26,151,2024-08-05,7.0,118
341,26,151,2024-08-06,2.0,118
342,10,152,2024-08-11,7.0,119
343,10,152,2024-08-12,3.0,119
344,10,152,2024-08-13,8.0,119
345,23,152,2024-08-11,7.0,120
346,23,152,2024-08-12,2.0,120
347,23,152,2024-08-13,7.0,120
348,22,153,2024-08-11,4.0,121
349,22,153,2024-08-12,7.0,121
350,22,153,2024-08-13,8.0,121
351,11,153,2024-08-11,6.0,122
352,11,153,2024-08-12,5.0,122
353,11,153,2024-08-13,7.0,122
354,5,154,2024-08-11,5.0,123
355,5,154,2024-08-12,6.0,123
356,2,154,2024-08-11,2.0,124
357,2,154,2024-08-12,8.0,124
358,2,154,2024-08-13,5.0,124
359,2,154,2024-08-14,5.0,124
360,15,155,2024-08-18,5.0,125
361,15,155,2024-08-19,6.0,125
362,15,155,2024-08-20,8.0,125
363,25,155,2024-08-18,2.0,126
364,25,155,2024-08-19,2.0,126
365,10,156,2024-08-18,2.0,127
366,10,156,2024-08-19,4.0,127
367,10,156,2024-08-20,8.0,127
368,26,157,2024-08-18,3.0,128
369,26,157,2024-08-19,5.0,128
370,5,158,2024-08-18,6.0,129
371,5,158,2024-08-19,6.0,129
372,10,159,2024-08-18,6.0,130
373,10,159,2024-08-19,6.0,130
374,10,159,2024-08-20,6.0,130
375,4,160,2024-08-25,8.0,131
376,4,160,2024-08-26,7.0,131
377,25,160,2024-08-25,7.0,132
378,25,160,2024-08-26,7.0,132
379,25,160,2024-08-27,6.0,132
380,25,160,2024-08-28,6.0,132
381,5,161,2024-08-25,7.0,133
382,5,161,2024-08-26,7.0,133
383,5,161,2024-08-27,7.0,133
384,2,161,2024-08-25,3.0,134
385,2,161,2024-08-26,7.0,134
386,2,161,2024-08-27,7.0,134
387,21,162,2024-08-25,5.0,135
388,21,162,2024-08-26,4.0,135
389,21,162,2024-08-27,7.0,135
390,21,162,2024-08-28,7.0,135
391,5,163,2024-08-25,2.0,136
392,5,163,2024-08-26,6.0,136
393,9,163,2024-08-25,2.0,137
394,9,163,2024-08-26,4.0,137
395,9,163,2024-08-27,3.0,137
396,9,163,2024-08-28,4.0,137
397,25,164,2024-08-25,5.0,138
398,25,164,2024-08-26,4.0,138
399,25,164,2024-08-27,5.0,138
400,25,164,2024-08-28,5.0,138
401,16,165,2024-09-01,2.0,139
402,16,165,2024-09-02,6.0,139
403,10,165,2024-09-01,7.0,140
404,10,165,2024-09-02,6.0,140
405,1,166,2024-09-01,3.0,141
406,1,166,2024-09-02,2.0,141
407,1,166,2024-09-03,5.0,141
408,1,166,2024-09-04,5.0,141
409,25,167,2024-09-01,7.0,142
410,25,167,2024-09-02,4.0,142
411,25,167,2024-09-03,8.0,142
412,25,167,2024-09-04,4.0,142
413,9,168,2024-09-01,2.0,143
414,9,168,2024-09-02,4.0,143
415,9,168,2024-09-03,4.0,143
416,9,168,2024-09-04,7.0,143
417,23,169,2024-09-01,6.0,144
418,23,169,2024-09-02,3.0,144
419,19,169,2024-09-01,7.0,145
420,19,169,2024-09-02,3.0,145
421,9,170,2024-09-08,3.0,146
422,9,170,2024-09-09,7.0,146
423,9,170,2024-09-10,8.0,146
424,9,170,2024-09-11,3.0,146
425,9,171,2024-09-08,6.0,147
426,9,171,2024-09-09,2.0,147
427,9,171,2024-09-10,5.0,147
428,9,171,2024-09-11,7.0,147
429,19,171,2024-09-08,7.0,148
430,19,171,2024-09-09,6.0,148
431,3,172,2024-09-08,3.0,149
432,3,172,2024-09-09,2.0,149
433,12,172,2024-09-08,7.0,150
434,12,172,2024-09-09,8.0,150
435,12,172,2024-09-10,2.0,150
436,12,172,2024-09-11,6.0,150
437,15,173,2024-09-08,4.0,151
438,15,173,2024-09-09,5.0,151
439,14,173,2024-09-08,5.0,152
440,14,173,2024-09-09,4.0,152
441,14,173,2024-09-10,2.0,152
442,1,174,2024-09-08,4.0,153
443,1,174,2024-09-09,4.0,153
444,26,174,2024-09-08,3.0,154
445,26,174,2024-09-09,3.0,154
446,26,174,2024-09-10,2.0,154
447,26,174,2024-09-11,8.0,154
448,18,175,2024-09-15,5.0,155
449,18,175,2024-09-16,4.0,155
450,18,175,2024-09-17,3.0,155
451,2,175,2024-09-15,3.0,156
452,2,175,2024-09-16,8.0,156
453,2,175,2024-09-17,7.0,156
454,2,175,2024-09-18,6.0,156
455,16,176,2024-09-15,8.0,157
456,16,176,2024-09-16,8.0,157
457,16,176,2024-09-17,3.0,157
458,5,177,2024-09-15,7.0,158
459,5,177,2024-09-16,6.0,158
460,5,177,2024-09-17,4.0,158
461,5,177,2024-09-18,3.0,158
462,23,178,2024-09-15,4.0,159
463,23,178,2024-09-16,4.0,159
464,26,179,2024-09-15,5.0,160
465,26,179,2024-09-16,7.0,160
466,26,179,2024-09-17,7.0,160
467,5,180,2024-09-22,4.0,161
468,5,180,2024-09-23,3.0,161
469,5,180,2024-09-24,6.0,161
470,13,181,2024-09-22,4.0,162
471,13,181,2024-09-23,2.0,162
472,13,181,2024-09-24,6.0,162
473,22,181,2024-09-22,2.0,163
474,22,181,2024-09-23,5.0,163
475,19,182,2024-09-22,8.0,164
476,19,182,2024-09-23,4.0,164
477,19,182,2024-09-24,5.0,164
478,19,182,2024-09-25,7.0,164
479,21,183,2024-09-22,2.0,165
480,21,183,2024-09-23,6.0,165
481,21,183,2024-09-24,7.0,165
482,16,184,2024-09-29,6.0,166
483,16,184,2024-09-30,3.0,166
484,16,184,2024-10-01,4.0,166
485,20,184,2024-09-29,6.0,167
486,20,184,2024-09-30,7.0,167
487,20,184,2024-10-01,6.0,167
488,20,184,2024-10-02,8.0,167
489,10,185,2024-09-29,8.0,168
490,10,185,2024-09-30,7.0,168
491,22,186,2024-09-29,8.0,169
492,22,186,2024-09-30,5.0,169
493,22,186,2024-10-01,6.0,169
494,22,186,2024-10-02,6.0,169
495,2,186,2024-09-29,2.0,170
496,2,186,2024-09-30,2.0,170
497,13,187,2024-09-29,6.0,171
498,13,187,2024-09-30,7.0,171
499,13,187,2024-10-01,3.0,171
500,13,187,2024-10-02,8.0,171
501,6,188,2024-10-06,5.0,172
502,6,188,2024-10-07,2.0,172
503,6,188,2024-10-08,8.0,172
504,11,188,2024-10-06,8.0,173
505,11,188,2024-10-07,5.0,173
506,4,189,2024-10-06,3.0,174
507,4,189,2024-10-07,2.0,174
508,20,190,2024-10-06,8.0,175
509,20,190,2024-10-07,3.0,175
510,9,191,2024-10-13,2.0,176
511,9,191,2024-10-14,8.0,176
512,17,191,2024-10-13,3.0,177
513,17,191,2024-10-14,2.0,177
514,17,191,2024-10-15,5.0,177
515,3,192,2024-10-13,5.0,178
516,3,192,2024-10-14,8.0,178
517,3,192,2024-10-15,5.0,178
518,3,192,2024-10-16,7.0,178
519,13,193,2024-10-13,7.0,179
520,13,193,2024-10-14,5.0,179
521,13,193,2024-10-15,2.0,179
522,11,194,2024-10-13,8.0,180
523,11,194,2024-10-14,3.0,180
524,11,194,2024-10-15,4.0,180
525,6,194,2024-10-13,4.0,181
526,6,194,2024-10-14,4.0,181
527,4,195,2024-10-13,4.0,182
528,4,195,2024-10-14,3.0,182
529,1,196,2024-10-20,7.0,183
530,1,196,2024-10-21,5.0,183
531,2,196,2024-10-20,8.0,184
532,2,196,2024-10-21,6.0,184
533,2,197,2024-10-20,4.0,185
534,2,197,2024-10-21,8.0,185
535,20,198,2024-10-20,7.0,186
536,20,198,2024-10-21,8.0,186
537,20,198,2024-10-22,3.0,186
538,6,198,2024-10-20,8.0,187
539,6,198,2024-10-21,2.0,187
540,6,198,2024-10-22,8.0,187
541,6,198,2024-10-23,6.0,187
542,23,199,2024-10-20,3.0,188
543,23,199,2024-10-21,2.0,188
544,19,200,2024-10-27,5.0,189
545,19,200,2024-10-28,7.0,189
546,9,201,2024-10-27,4.0,190
547,9,201,2024-10-28,6.0,190
548,9,201,2024-10-29,6.0,190
549,9,201,2024-10-30,7.0,190
550,22,202,2024-10-27,8.0,191
551,22,202,2024-10-28,5.0,191
552,22,202,2024-10-29,8.0,191
553,5,203,2024-10-27,4.0,192
554,5,203,2024-10-28,4.0,192
555,13,203,2024-10-27,6.0,193
556,13,203,2024-10-28,7.0,193
557,22,204,2024-11-03,8.0,194
558,22,204,2024-11-04,3.0,194
559,5,205,2024-11-03,7.0,195
560,5,205,2024-11-04,3.0,195
561,5,205,2024-11-05,8.0,195
562,23,205,2024-11-03,7.0,196
563,23,205,2024-11-04,3.0,196
564,1,206,2024-11-03,7.0,197
565,1,206,2024-11-04,6.0,197
566,5,207,2024-11-03,5.0,198
567,5,207,2024-11-04,8.0,198
568,5,207,2024-11-05,5.0,198
569,11,207,2024-11-03,4.0,199
570,11,207,2024-11-04,3.0,199
571,11,207,2024-11-05,7.0,199
572,11,207,2024-11-06,2.0,199
573,2,208,2024-11-10,3.0,200
574,2,208,2024-11-11,6.0,200
575,2,208,2024-11-12,6.0,200
576,1,208,2024-11-10,2.0,201
577,1,208,2024-11-11,6.0,201
578,1,208,2024-11-12,8.0,201
579,1,208,2024-11-13,5.0,201
580,8,209,2024-11-10,2.0,202
581,8,209,2024-11-11,7.0,202
582,8,209,2024-11-12,3.0,202
583,26,210,2024-11-10,6.0,203
584,26,210,2024-11-11,6.0,203
585,26,210,2024-11-12,8.0,203
586,26,210,2024-11-13,7.0,203
587,11,210,2024-11-10,5.0,204
588,11,210,2024-11-11,4.0,204
589,11,210,2024-11-12,4.0,204
590,11,210,2024-11-13,6.0,204
591,26,211,2024-11-10,6.0,205
592,26,211,2024-11-11,8.0,205
593,18,211,2024-11-10,4.0,206
594,18,211,2024-11-11,7.0,206
595,4,212,2024-11-10,8.0,207
596,4,212,2024-11-11,8.0,207
597,4,212,2024-11-12,5.0,207
598,21,212,2024-11-10,4.0,208
599,21,212,2024-11-11,5.0,208
600,21,212,2024-11-12,8.0,208
601,19,213,2024-11-17,6.0,209
602,19,213,2024-11-18,8.0,209
603,19,213,2024-11-19,3.0,209
604,19,213,2024-11-20,8.0,209
605,2,214,2024-11-17,4.0,210
606,2,214,2024-11-18,2.0,210
607,2,214,2024-11-19,5.0,210
608,8,214,2024-11-17,2.0,211
609,8,214,2024-11-18,3.0,211
610,16,215,2024-11-17,8.0,212
611,16,215,2024-11-18,5.0,212
612,16,215,2024-11-19,2.0,212
613,15,216,2024-11-17,5.0,213
614,15,216,2024-11-18,7.0,213
615,15,216,2024-11-19,5.0,213
616,15,216,2024-11-20,2.0,213
617,4,217,2024-11-24,5.0,214
618,4,217,2024-11-25,3.0,214
619,4,217,2024-11-26,3.0,214
620,21,217,2024-11-24,3.0,215
621,21,217,2024-11-25,7.0,215
622,21,217,2024-11-26,5.0,215
623,22,218,2024-11-24,3.0,216
624,22,218,2024-11-25,5.0,216
625,22,218,2024-11-26,2.0,216
626,22,218,2024-11-27,6.0,216
627,14,219,2024-11-24,6.0,217
628,14,219,2024-11-25,6.0,217
629,7,220,2024-11-24,8.0,218
630,7,220,2024-11-25,3.0,218
631,7,220,2024-11-26,5.0,218
632,17,221,2024-11-24,3.0,219
633,17,221,2024-11-25,8.0,219
634,17,221,2024-11-26,4.0,219
635,17,221,2024-11-27,2.0,219
636,5,221,2024-11-24,4.0,220
637,5,221,2024-11-25,8.0,220
638,5,221,2024-11-26,5.0,220
639,19,222,2024-12-01,4.0,221
640,19,222,2024-12-02,7.0,221
641,19,222,2024-12-03,7.0,221
642,12,222,2024-12-01,3.0,222
643,12,222,2024-12-02,6.0,222
644,12,222,2024-12-03,5.0,222
645,12,222,2024-12-04,7.0,222
646,23,223,2024-12-01,3.0,223
647,23,223,2024-12-02,2.0,223
648,1,224,2024-12-01,6.0,224
649,1,224,2024-12-02,3.0,224
650,1,224,2024-12-03,4.0,224
651,1,224,2024-12-04,7.0,224
652,11,225,2024-12-01,5.0,225
653,11,225,2024-12-02,8.0,225
654,14,226,2024-12-01,8.0,226
655,14,226,2024-12-02,5.0,226
656,14,226,2024-12-03,7.0,226
657,6,227,2024-12-08,8.0,227
658,6,227,2024-12-09,2.0,227
659,6,227,2024-12-10,2.0,227
660,23,227,2024-12-08,3.0,228
661,23,227,2024-12-09,4.0,228
662,23,227,2024-12-10,3.0,228
663,26,228,2024-12-08,8.0,229
664,26,228,2024-12-09,5.0,229
665,26,228,2024-12-10,5.0,229
666,22,228,2024-12-08,8.0,230
667,22,228,2024-12-09,6.0,230
668,22,228,2024-12-10,2.0,230
669,22,228,2024-12-11,2.0,230
670,17,229,2024-12-08,2.0,231
671,17,229,2024-12-09,4.0,231
672,17,229,2024-12-10,2.0,231
673,6,229,2024-12-08,6.0,232
674,6,229,2024-12-09,4.0,232
675,6,229,2024-12-10,5.0,232
676,6,229,2024-12-11,2.0,232
677,18,230,2024-12-08,5.0,233
678,18,230,2024-12-09,8.0,233
679,12,230,2024-12-08,3.0,234
680,12,230,2024-12-09,4.0,234
681,12,230,2024-12-10,4.0,234
682,11,231,2024-12-15,2.0,235
683,11,231,2024-12-16,3.0,235
684,11,231,2024-12-17,5.0,235
685,11,231,2024-12-18,4.0,235
686,9,232,2024-12-15,7.0,236
687,9,232,2024-12-16,3.0,236
688,9,232,2024-12-17,2.0,236
689,9,232,2024-12-18,8.0,236
690,25,233,2024-12-15,7.0,237
691,25,233,2024-12-16,4.0,237
692,25,233,2024-12-17,3.0,237
693,18,234,2024-12-15,3.0,238
694,18,234,2024-12-16,6.0,238
695,18,234,2024-12-17,4.0,238
696,18,234,2024-12-18,8.0,238
697,24,234,2024-12-15,8.0,239
698,24,234,2024-12-16,2.0,239
699,19,235,2024-12-15,4.0,240
700,19,235,2024-12-16,3.0,240
701,21,235,2024-12-15,4.0,241
702,21,235,2024-12-16,7.0,241
703,21,235,2024-12-17,7.0,241
704,21,235,2024-12-18,3.0,241
705,4,236,2024-12-22,3.0,242
706,4,236,2024-12-23,4.0,242
707,8,237,2024-12-22,7.0,243
708,8,237,2024-12-23,2.0,243
709,8,237,2024-12-24,5.0,243
710,24,238,2024-12-22,8.0,244
711,24,238,2024-12-23,6.0,244
712,24,238,2024-12-24,6.0,244
713,14,239,2024-12-29,7.0,245
714,14,239,2024-12-30,5.0,245
715,14,239,2024-12-31,8.0,245
716,22,240,2024-12-29,2.0,246
717,22,240,2024-12-30,2.0,246
718,10,241,2024-12-29,8.0,247
719,10,241,2024-12-30,8.0,247
720,20,241,2024-12-29,7.0,248
721,20,241,2024-12-30,5.0,248
722,20,241,2024-12-31,4.0,248
723,20,241,2025-01-01,5.0,248
724,4,242,2025-01-05,4.0,249
725,4,242,2025-01-06,7.0,249
726,20,243,2025-01-05,5.0,250
727,20,243,2025-01-06,6.0,250
728,12,244,2025-01-05,7.0,251
729,12,244,2025-01-06,2.0,251
730,12,244,2025-01-07,2.0,251
731,12,244,2025-01-08,8.0,251
732,2,245,2025-01-05,5.0,252
733,2,245,2025-01-06,3.0,252
734,2,245,2025-01-07,2.0,252
735,2,245,2025-01-08,6.0,252
736,26,245,2025-01-05,2.0,253
737,26,245,2025-01-06,3.0,253
738,26,245,2025-01-07,7.0,253
739,11,246,2025-01-12,7.0,254
740,11,246,2025-01-13,6.0,254
741,11,246,2025-01-14,8.0,254
742,11,246,2025-01-15,3.0,254
743,2,247,2025-01-12,7.0,255
744,2,247,2025-01-13,4.0,255
745,26,248,2025-01-12,5.0,256
746,26,248,2025-01-13,2.0,256
747,26,248,2025-01-14,5.0,256
748,5,249,2025-01-12,5.0,257
749,5,249,2025-01-13,7.0,257
750,5,249,2025-01-14,8.0,257
751,18,250,2025-01-12,5.0,258
752,18,250,2025-01-13,5.0,258
753,18,250,2025-01-14,8.0,258
754,15,250,2025-01-12,7.0,259
755,15,250,2025-01-13,6.0,259
756,15,250,2025-01-14,2.0,259
757,15,250,2025-01-15,2.0,259
758,18,251,2025-01-19,2.0,260
759,18,251,2025-01-20,3.0,260
760,18,251,2025-01-21,4.0,260
761,25,251,2025-01-19,6.0,261
762,25,251,2025-01-20,8.0,261
763,4,252,2025-01-19,6.0,262
764,4,252,2025-01-20,2.0,262
765,4,252,2025-01-21,5.0,262
766,24,252,2025-01-19,5.0,263
767,24,252,2025-01-20,7.0,263
768,24,252,2025-01-21,7.0,263
769,24,252,2025-01-22,5.0,263
770,3,253,2025-01-19,7.0,264
771,3,253,2025-01-20,8.0,264
772,3,253,2025-01-21,3.0,264
773,3,253,2025-01-22,5.0,264
774,10,253,2025-01-19,6.0,265
775,10,253,2025-01-20,6.0,265
776,10,253,2025-01-21,8.0,265
777,20,254,2025-01-19,4.0,266
778,20,254,2025-01-20,8.0,266
779,20,254,2025-01-21,2.0,266
780,20,254,2025-01-22,8.0,266
781,10,255,2025-01-19,8.0,267
782,10,255,2025-01-20,8.0,267
783,13,255,2025-01-19,5.0,268
784,13,255,2025-01-20,5.0,268
785,13,255,2025-01-21,3.0,268
786,13,255,2025-01-22,8.0,268
787,16,256,2025-01-26,7.0,269
788,16,256,2025-01-27,7.0,269
789,16,257,2025-01-26,7.0,270
790,16,257,2025-01-27,2.0,270
791,16,257,2025-01-28,3.0,270
792,9,258,2025-01-26,5.0,271
793,9,258,2025-01-27,5.0,271
794,9,258,2025-01-28,3.0,271
795,19,258,2025-01-26,4.0,272
796,19,258,2025-01-27,2.0,272
797,2,259,2025-01-26,7.0,273
798,2,259,2025-01-27,3.0,273
799,2,259,2025-01-28,7.0,273
800,18,259,2025-01-26,6.0,274
801,18,259,2025-01-27,7.0,274
802,18,259,2025-01-28,6.0,274
803,18,259,2025-01-29,6.0,274
804,26,260,2025-01-26,4.0,275
805,26,260,2025-01-27,2.0,275
806,26,260,2025-01-28,4.0,275
807,26,260,2025-01-29,3.0,275
808,14,260,2025-01-26,3.0,276
809,14,260,2025-01-27,8.0,276
810,16,261,2025-02-02,4.0,277
811,16,261,2025-02-03,3.0,277
812,5,262,2025-02-02,3.0,278
813,5,262,2025-02-03,2.0,278
814,5,262,2025-02-04,7.0,278
815,5,262,2025-02-05,5.0,278
816,7,263,2025-02-02,5.0,279
817,7,263,2025-02-03,7.0,279
818,7,263,2025-02-04,5.0,279
819,8,264,2025-02-02,4.0,280
820,8,264,2025-02-03,6.0,280
821,8,264,2025-02-04,2.0,280
822,8,264,2025-02-05,5.0,280
823,24,264,2025-02-02,8.0,281
824,24,264,2025-02-03,3.0,281
825,24,264,2025-02-04,3.0,281
826,6,265,2025-02-09,4.0,282
827,6,265,2025-02-10,5.0,282
828,6,265,2025-02-11,7.0,282
829,6,265,2025-02-12,3.0,282
830,10,265,2025-02-09,2.0,283
831,10,265,2025-02-10,3.0,283
832,10,265,2025-02-11,7.0,283
833,17,266,2025-02-09,6.0,284
834,17,266,2025-02-10,5.0,284
835,5,266,2025-02-09,6.0,285
836,5,266,2025-02-10,4.0,285
837,5,266,2025-02-11,4.0,285
838,19,267,2025-02-09,5.0,286
839,19,267,2025-02-10,4.0,286
840,19,267,2025-02-11,4.0,286
841,19,267,2025-02-12,8.0,286
842,26,267,2025-02-09,4.0,287
843,26,267,2025-02-10,5.0,287
844,26,267,2025-02-11,8.0,287
845,1,268,2025-02-09,7.0,288
846,1,268,2025-02-10,3.0,288
847,10,269,2025-02-16,2.0,289
848,10,269,2025-02-17,6.0,289
849,10,269,2025-02-18,3.0,289
850,14,270,2025-02-16,6.0,290
851,14,270,2025-02-17,3.0,290
852,14,270,2025-02-18,4.0,290
853,8,270,2025-02-16,3.0,291
854,8,270,2025-02-17,5.0,291
855,8,270,2025-02-18,8.0,291
856,8,270,2025-02-19,5.0,291
857,10,271,2025-02-16,7.0,292
858,10,271,2025-02-17,7.0,292
859,10,271,2025-02-18,4.0,292
860,10,271,2025-02-19,6.0,292
861,24,272,2025-02-16,2.0,293
862,24,272,2025-02-17,8.0,293
863,24,272,2025-02-18,7.0,293
864,3,273,2025-02-16,5.0,294
865,3,273,2025-02-17,6.0,294
866,3,273,2025-02-18,2.0,294
867,5,273,2025-02-16,6.0,295
868,5,273,2025-02-17,4.0,295
869,5,273,2025-02-18,5.0,295
870,5,273,2025-02-19,4.0,295
871,12,274,2025-02-23,6.0,296
872,12,274,2025-02-24,7.0,296
873,5,275,2025-02-23,7.0,297
874,5,275,2025-02-24,6.0,297
875,5,275,2025-02-25,6.0,297
876,3,275,2025-02-23,4.0,298
877,3,275,2025-02-24,3.0,298
878,19,276,2025-02-23,7.0,299
879,19,276,2025-02-24,4.0,299
880,19,276,2025-02-25,8.0,299
881,19,276,2025-02-26,8.0,299
882,20,276,2025-02-23,6.0,300
883,20,276,2025-02-24,8.0,300
884,20,276,2025-02-25,3.0,300
885,17,277,2025-02-23,7.0,301
886,17,277,2025-02-24,6.0,301
887,17,277,2025-02-25,8.0,301
888,17,277,2025-02-26,4.0,301
889,3,277,2025-02-23,6.0,302
890,3,277,2025-02-24,4.0,302
891,26,278,2025-02-23,7.0,303
892,26,278,2025-02-24,2.0,303
893,19,279,2025-03-02,7.0,304
894,19,279,2025-03-03,2.0,304
895,19,279,2025-03-04,3.0,304
896,19,279,2025-03-05,3.0,304
897,16,279,2025-03-02,3.0,305
898,16,279,2025-03-03,2.0,305
899,16,279,2025-03-04,6.0,305
900,16,280,2025-03-02,5.0,306
901,16,280,2025-03-03,8.0,306
902,12,280,2025-03-02,3.0,307
903,12,280,2025-03-03,3.0,307
904,12,280,2025-03-04,3.0,307
905,9,281,2025-03-02,8.0,308
906,9,281,2025-03-03,4.0,308
907,2,281,2025-03-02,4.0,309
908,2,281,2025-03-03,7.0,309
909,8,282,2025-03-09,7.0,310
910,8,282,2025-03-10,3.0,310
911,8,282,2025-03-11,6.0,310
912,11,283,2025-03-09,2.0,311
913,11,283,2025-03-10,4.0,311
914,11,283,2025-03-11,8.0,311
915,3,283,2025-03-09,5.0,312
916,3,283,2025-03-10,8.0,312
917,3,283,2025-03-11,7.0,312
918,3,283,2025-03-12,7.0,312
919,14,284,2025-03-09,5.0,313
920,14,284,2025-03-10,3.0,313
921,25,284,2025-03-09,3.0,314
922,25,284,2025-03-10,3.0,314
923,16,285,2025-03-09,8.0,315
924,16,285,2025-03-10,3.0,315
925,6,285,2025-03-09,3.0,316
926,6,285,2025-03-10,2.0,316
927,6,285,2025-03-11,7.0,316
928,6,285,2025-03-12,6.0,316
929,21,286,2025-03-09,3.0,317
930,21,286,2025-03-10,4.0,317
931,21,286,2025-03-11,4.0,317
932,21,286,2025-03-12,8.0,317
933,1,287,2025-03-16,6.0,318
934,1,287,2025-03-17,2.0,318
935,1,287,2025-03-18,2.0,318
936,1,287,2025-03-19,2.0,318
937,14,288,2025-03-16,8.0,319
938,14,288,2025-03-17,8.0,319
939,14,288,2025-03-18,6.0,319
940,14,288,2025-03-19,4.0,319
941,13,288,2025-03-16,2.0,320
942,13,288,2025-03-17,7.0,320
943,13,288,2025-03-18,3.0,320
944,13,288,2025-03-19,3.0,320
945,24,289,2025-03-16,2.0,321
946,24,289,2025-03-17,2.0,321
947,24,289,2025-03-18,2.0,321
948,13,289,2025-03-16,8.0,322
949,13,289,2025-03-17,7.0,322
950,13,289,2025-03-18,5.0,322
951,13,290,2025-03-16,6.0,323
952,13,290,2025-03-17,7.0,323
953,13,290,2025-03-18,7.0,323
954,13,290,2025-03-19,7.0,323
955,11,291,2025-03-23,5.0,324
956,11,291,2025-03-24,7.0,324
957,11,291,2025-03-25,8.0,324
958,15,292,2025-03-23,5.0,325
959,15,292,2025-03-24,3.0,325
960,20,292,2025-03-23,3.0,326
961,20,292,2025-03-24,2.0,326
962,20,292,2025-03-25,8.0,326
963,20,292,2025-03-26,6.0,326
964,4,293,2025-03-23,4.0,327
965,4,293,2025-03-24,5.0,327
966,18,293,2025-03-23,4.0,328
967,18,293,2025-03-24,5.0,328
968,18,293,2025-03-25,3.0,328
969,18,293,2025-03-26,7.0,328
970,26,294,2025-03-23,7.0,329
971,26,294,2025-03-24,8.0,329
972,26,294,2025-03-25,5.0,329
973,2,294,2025-03-23,8.0,330
974,2,294,2025-03-24,7.0,330
975,12,295,2025-03-23,7.0,331
976,12,295,2025-03-24,6.0,331
977,12,295,2025-03-25,5.0,331
978,12,295,2025-03-26,8.0,331
979,2,296,2025-03-30,5.0,332
980,2,296,2025-03-31,3.0,332
981,2,296,2025-04-01,3.0,332
982,1,296,2025-03-30,7.0,333
983,1,296,2025-03-31,6.0,333
984,1,296,2025-04-01,7.0,333
985,1,296,2025-04-02,7.0,333
986,19,297,2025-03-30,2.0,334
987,19,297,2025-03-31,5.0,334
988,19,297,2025-04-01,7.0,334
989,19,297,2025-04-02,8.0,334
990,6,298,2025-03-30,5.0,335
991,6,298,2025-03-31,5.0,335
992,6,299,2025-03-30,2.0,336
993,6,299,2025-03-31,2.0,336
994,24,299,2025-03-30,4.0,337
995,24,299,2025-03-31,6.0,337
996,24,299,2025-04-01,8.0,337
997,24,299,2025-04-02,5.0,337
998,21,300,2025-04-06,6.0,338
999,21,300,2025-04-07,2.0,338
1000,4,300,2025-04-06,5.0,339
1001,4,300,2025-04-07,4.0,339
1002,4,300,2025-04-08,2.0,339
1003,4,300,2025-04-09,3.0,339
1004,20,301,2025-04-06,6.0,340
1005,20,301,2025-04-07,3.0,340
1006,13,301,2025-04-06,2.0,341
1007,13,301,2025-04-07,6.0,341
1008,25,302,2025-04-06,5.0,342
1009,25,302,2025-04-07,8.0,342
1010,25,302,2025-04-08,2.0,342
1011,4,302,2025-04-06,5.0,343
1012,4,302,2025-04-07,8.0,343
1013,5,303,2025-04-13,2.0,344
1014,5,303,2025-04-14,7.0,344
1015,5,303,2025-04-15,2.0,344
1016,5,303,2025-04-16,2.0,344
1017,4,304,2025-04-13,7.0,345
1018,4,304,2025-04-14,8.0,345
1019,4,304,2025-04-15,2.0,345
1020,4,304,2025-04-16,3.0,345
1021,19,304,2025-04-13,8.0,346
1022,19,304,2025-04-14,6.0,346
1023,19,304,2025-04-15,2.0,346
1024,19,304,2025-04-16,6.0,346
1025,23,305,2025-04-13,8.0,347
1026,23,305,2025-04-14,5.0,347
1027,23,305,2025-04-15,7.0,347
1028,23,305,2025-04-16,6.0,347
1029,12,306,2025-04-13,8.0,348
1030,12,306,2025-04-14,6.0,348
1031,12,306,2025-04-15,5.0,348
1032,10,307,2025-04-13,8.0,349
1033,10,307,2025-04-14,6.0,349
1034,11,307,2025-04-13,3.0,350
1035,11,307,2025-04-14,5.0,350
1036,11,307,2025-04-15,7.0,350
1037,18,308,2025-04-20,8.0,351
1038,18,308,2025-04-21,5.0,351
1039,14,309,2025-04-20,3.0,352
1040,14,309,2025-04-21,2.0,352
1041,7,309,2025-04-20,5.0,353
1042,7,309,2025-04-21,6.0,353
1043,7,309,2025-04-22,3.0,353
1044,7,309,2025-04-23,6.0,353
1045,4,310,2025-04-20,3.0,354
1046,4,310,2025-04-21,5.0,354
1047,4,310,2025-04-22,2.0,354
1048,4,310,2025-04-23,2.0,354
1049,22,310,2025-04-20,4.0,355
1050,22,310,2025-04-21,8.0,355
1051,22,310,2025-04-22,5.0,355
1052,22,310,2025-04-23,6.0,355
1053,23,311,2025-04-20,2.0,356
1054,23,311,2025-04-21,6.0,356
1055,15,312,2025-04-27,2.0,357
1056,15,312,2025-04-28,7.0,357
1057,15,312,2025-04-29,2.0,357
1058,15,312,2025-04-30,8.0,357
1059,20,312,2025-04-27,4.0,358
1060,20,312,2025-04-28,3.0,358
1061,20,312,2025-04-29,7.0,358
1062,20,312,2025-04-30,5.0,358
1063,15,313,2025-04-27,2.0,359
1064,15,313,2025-04-28,7.0,359
1065,5,313,2025-04-27,5.0,360
1066,5,313,2025-04-28,4.0,360
1067,5,313,2025-04-29,7.0,360
1068,5,313,2025-04-30,2.0,360
1069,2,314,2025-04-27,7.0,361
1070,2,314,2025-04-28,6.0,361
1071,6,314,2025-04-27,8.0,362
1072,6,314,2025-04-28,8.0,362
1073,22,315,2025-04-27,4.0,363
1074,22,315,2025-04-28,4.0,363
1075,22,315,2025-04-29,3.0,363
1076,1,315,2025-04-27,7.0,364
1077,1,315,2025-04-28,5.0,364
1078,1,315,2025-04-29,6.0,364
1079,25,316,2025-05-04,8.0,365
1080,25,316,2025-05-05,3.0,365
1081,25,316,2025-05-06,8.0,365
1082,25,316,2025-05-07,5.0,365
1083,5,316,2025-05-04,2.0,366
1084,5,316,2025-05-05,4.0,366
1085,22,317,2025-05-04,7.0,367
1086,22,317,2025-05-05,4.0,367
1087,22,317,2025-05-06,8.0,367
1088,14,317,2025-05-04,3.0,368
1089,14,317,2025-05-05,8.0,368
1090,14,317,2025-05-06,2.0,368
1091,24,318,2025-05-04,5.0,369
1092,24,318,2025-05-05,2.0,369
1093,23,318,2025-05-04,7.0,370
1094,23,318,2025-05-05,5.0,370
1095,26,319,2025-05-04,5.0,371
1096,26,319,2025-05-05,6.0,371
1097,26,319,2025-05-06,4.0,371
1098,20,319,2025-05-04,8.0,372
1099,20,319,2025-05-05,7.0,372
1100,20,319,2025-05-06,8.0,372
1101,20,319,2025-05-07,8.0,372
1102,15,320,2025-05-11,2.0,373
1103,15,320,2025-05-12,5.0,373
1104,5,321,2025-05-11,4.0,374
1105,5,321,2025-05-12,3.0,374
1106,14,321,2025-05-11,5.0,375
1107,14,321,2025-05-12,2.0,375
1108,14,321,2025-05-13,8.0,375
1109,14,321,2025-05-14,4.0,375
1110,16,322,2025-05-11,6.0,376
1111,16,322,2025-05-12,8.0,376
1112,16,322,2025-05-13,7.0,376
1113,16,322,2025-05-14,5.0,376
1114,8,322,2025-05-11,8.0,377
1115,8,322,2025-05-12,7.0,377
1116,8,322,2025-05-13,8.0,377
1117,1,323,2025-05-18,6.0,378
1118,1,323,2025-05-19,3.0,378
1119,25,323,2025-05-18,2.0,379
1120,25,323,2025-05-19,4.0,379
1121,5,324,2025-05-18,5.0,380
1122,5,324,2025-05-19,4.0,380
1123,5,324,2025-05-20,6.0,380
1124,14,324,2025-05-18,6.0,381
1125,14,324,2025-05-19,8.0,381
1126,8,325,2025-05-18,2.0,382
1127,8,325,2025-05-19,7.0,382
1128,8,325,2025-05-20,6.0,382
1129,20,326,2025-05-18,3.0,383
1130,20,326,2025-05-19,7.0,383
1131,20,326,2025-05-20,6.0,383
1132,15,326,2025-05-18,3.0,384
1133,15,326,2025-05-19,5.0,384
1134,15,326,2025-05-20,3.0,384
1135,15,326,2025-05-21,4.0,384
1136,15,327,2025-05-25,6.0,385
1137,15,327,2025-05-26,5.0,385
1138,15,327,2025-05-27,3.0,385
1139,3,328,2025-05-25,3.0,386
1140,3,328,2025-05-26,5.0,386
1141,3,328,2025-05-27,3.0,386
1142,3,328,2025-05-28,5.0,386
1143,8,328,2025-05-25,2.0,387
1144,8,328,2025-05-26,7.0,387
1145,8,328,2025-05-27,4.0,387
1146,8,328,2025-05-28,7.0,387
1147,11,329,2025-05-25,5.0,388
1148,11,329,2025-05-26,2.0,388
1149,22,329,2025-05-25,3.0,389
1150,22,329,2025-05-26,7.0,389
1151,22,329,2025-05-27,8.0,389
1152,7,330,2025-05-25,3.0,390
1153,7,330,2025-05-26,3.0,390
1154,7,330,2025-05-27,7.0,390
1155,7,330,2025-05-28,4.0,390
1156,12,330,2025-05-25,2.0,391
1157,12,330,2025-05-26,4.0,391
1158,24,331,2025-06-01,5.0,392
1159,24,331,2025-06-02,5.0,392
1160,24,331,2025-06-03,3.0,392
1161,22,331,2025-06-01,5.0,393
1162,22,331,2025-06-02,2.0,393
1163,22,331,2025-06-03,3.0,393
1164,12,332,2025-06-01,4.0,394
1165,12,332,2025-06-02,8.0,394
1166,12,332,2025-06-03,6.0,394
1167,5,333,2025-06-01,7.0,395
1168,5,333,2025-06-02,5.0,395
1169,4,334,2025-06-01,3.0,396
1170,4,334,2025-06-02,2.0,396
1171,4,334,2025-06-03,5.0,396
1172,23,334,2025-06-01,4.0,397
1173,23,334,2025-06-02,7.0,397
1174,23,334,2025-06-03,2.0,397
1175,23,334,2025-06-04,5.0,397
1176,18,335,2025-06-01,8.0,398
1177,18,335,2025-06-02,2.0,398
1178,18,335,2025-06-03,7.0,398
1179,18,335,2025-06-04,5.0,398
1180,11,335,2025-06-01,6.0,399
1181,11,335,2025-06-02,2.0,399
1182,11,335,2025-06-03,3.0,399
1183,15,336,2025-06-08,8.0,400
1184,15,336,2025-06-09,7.0,400
1185,6,337,2025-06-08,5.0,401
1186,6,337,2025-06-09,3.0,401
1187,6,337,2025-06-10,5.0,401
1188,6,337,2025-06-11,8.0,401
1189,4,337,2025-06-08,6.0,402
1190,4,337,2025-06-09,4.0,402
1191,4,337,2025-06-10,2.0,402
1192,4,337,2025-06-11,8.0,402
1193,13,338,2025-06-08,7.0,403
1194,13,338,2025-06-09,3.0,403
1195,13,338,2025-06-10,8.0,403
1196,21,339,2025-06-08,7.0,404
1197,21,339,2025-06-09,7.0,404
1198,21,339,2025-06-10,6.0,404
1199,7,339,2025-06-08,8.0,405
1200,7,339,2025-06-09,3.0,405
1201,25,340,2025-06-08,7.0,406
1202,25,340,2025-06-09,4.0,406
1203,25,340,2025-06-10,7.0,406
1204,25,340,2025-06-11,6.0,406
1205,23,341,2025-06-15,4.0,407
1206,23,341,2025-06-16,5.0,407
1207,23,341,2025-06-17,5.0,407
1208,21,341,2025-06-15,8.0,408
1209,21,341,2025-06-16,6.0,408
1210,22,342,2025-06-15,7.0,409
1211,22,342,2025-06-16,4.0,409
1212,22,342,2025-06-17,5.0,409
1213,1,342,2025-06-15,8.0,410
1214,1,342,2025-06-16,8.0,410
1215,23,343,2025-06-15,3.0,411
1216,23,343,2025-06-16,3.0,411
1217,23,343,2025-06-17,4.0,411
1218,23,343,2025-06-18,7.0,411
1219,4,343,2025-06-15,4.0,412
1220,4,343,2025-06-16,5.0,412
1221,5,344,2025-06-15,5.0,413
1222,5,344,2025-06-16,3.0,413
1223,5,344,2025-06-17,2.0,413
1224,5,344,2025-06-18,6.0,413
1225,9,345,2025-06-15,3.0,414
1226,9,345,2025-06-16,3.0,414
1227,9,345,2025-06-17,2.0,414
1228,25,345,2025-06-15,6.0,415
1229,25,345,2025-06-16,4.0,415
1230,11,346,2025-06-22,7.0,416
1231,11,346,2025-06-23,7.0,416
1232,26,347,2025-06-22,2.0,417
1233,26,347,2025-06-23,5.0,417
1234,26,347,2025-06-24,8.0,417
1235,26,347,2025-06-25,8.0,417
1236,6,348,2025-06-22,7.0,418
1237,6,348,2025-06-23,5.0,418
1238,6,348,2025-06-24,2.0,418
1239,6,348,2025-06-25,5.0,418
1240,19,348,2025-06-22,7.0,419
1241,19,348,2025-06-23,5.0,419
1242,19,348,2025-06-24,5.0,419
1243,19,349,2025-06-22,7.0,420
1244,19,349,2025-06-23,7.0,420
1245,19,349,2025-06-24,2.0,420
1246,19,349,2025-06-25,6.0,420
1247,18,350,2025-06-22,8.0,421
1248,18,350,2025-06-23,3.0,421
1249,18,350,2025-06-24,4.0,421
1250,14,350,2025-06-22,4.0,422
1251,14,350,2025-06-23,5.0,422
1252,14,350,2025-06-24,8.0,422
1253,26,351,2025-06-29,8.0,423
1254,26,351,2025-06-30,6.0,423
1255,26,351,2025-07-01,7.0,423
1256,26,351,2025-07-02,5.0,423
1257,23,351,2025-06-29,7.0,424
1258,23,351,2025-06-30,7.0,424
1259,23,351,2025-07-01,8.0,424
1260,2,352,2025-06-29,6.0,425
1261,2,352,2025-06-30,8.0,425
1262,4,352,2025-06-29,2.0,426
1263,4,352,2025-06-30,5.0,426
1264,4,352,2025-07-01,4.0,426
1265,8,353,2025-06-29,8.0,427
1266,8,353,2025-06-30,2.0,427
1267,8,353,2025-07-01,5.0,427
1268,17,353,2025-06-29,3.0,428
1269,17,353,2025-06-30,6.0,428
1270,17,353,2025-07-01,4.0,428
1271,17,353,2025-07-02,4.0,428
1272,19,354,2025-06-29,3.0,429
1273,19,354,2025-06-30,5.0,429
1274,19,354,2025-07-01,4.0,429
1275,24,355,2025-07-06,6.0,430
1276,24,355,2025-07-07,3.0,430
1277,24,355,2025-07-08,7.0,430
1278,6,355,2025-07-06,2.0,431
1279,6,355,2025-07-07,6.0,431
1280,6,355,2025-07-08,2.0,431
1281,6,355,2025-07-09,5.0,431
1282,20,356,2025-07-06,8.0,432
1283,20,356,2025-07-07,6.0,432
1284,20,356,2025-07-08,7.0,432
1285,20,356,2025-07-09,5.0,432
1286,5,357,2025-07-06,6.0,433
1287,5,357,2025-07-07,5.0,433
1288,5,357,2025-07-08,3.0,433
1289,16,358,2025-07-06,8.0,434
1290,16,358,2025-07-07,3.0,434
1291,16,358,2025-07-08,8.0,434
1292,25,359,2025-07-13,4.0,435
1293,25,359,2025-07-14,7.0,435
1294,25,359,2025-07-15,2.0,435
1295,8,359,2025-07-13,7.0,436
1296,8,359,2025-07-14,8.0,436
1297,8,359,2025-07-15,8.0,436
1298,17,360,2025-07-13,7.0,437
1299,17,360,2025-07-14,2.0,437
1300,17,360,2025-07-15,2.0,437
1301,17,360,2025-07-16,2.0,437
1302,3,361,2025-07-13,5.0,438
1303,3,361,2025-07-14,6.0,438
1304,3,361,2025-07-15,4.0,438
1305,3,361,2025-07-16,7.0,438
1306,14,362,2025-07-20,8.0,439
1307,14,362,2025-07-21,8.0,439
1308,14,362,2025-07-22,3.0,439
1309,14,362,2025-07-23,2.0,439
1310,21,362,2025-07-20,6.0,440
1311,21,362,2025-07-21,4.0,440
1312,21,362,2025-07-22,7.0,440
1313,20,363,2025-07-20,6.0,441
1314,20,363,2025-07-21,6.0,441
1315,8,364,2025-07-20,3.0,442
1316,8,364,2025-07-21,5.0,442
1317,8,364,2025-07-22,6.0,442
1318,26,364,2025-07-20,5.0,443
1319,26,364,2025-07-21,8.0,443
1320,26,364,2025-07-22,8.0,443
1321,1,365,2025-07-27,7.0,444
1322,1,365,2025-07-28,6.0,444
1323,1,365,2025-07-29,6.0,444
1324,3,365,2025-07-27,5.0,445
1325,3,365,2025-07-28,6.0,445
1326,3,365,2025-07-29,4.0,445
1327,3,365,2025-07-30,3.0,445
1328,20,366,2025-07-27,5.0,446
1329,20,366,2025-07-28,5.0,446
1330,20,366,2025-07-29,5.0,446
1331,24,367,2025-07-27,8.0,447
1332,24,367,2025-07-28,6.0,447
1333,24,367,2025-07-29,5.0,447
1334,14,367,2025-07-27,6.0,448
1335,14,367,2025-07-28,7.0,448
1336,14,367,2025-07-29,3.0,448
1337,14,367,2025-07-30,4.0,448
1338,15,368,2025-07-27,3.0,449
1339,15,368,2025-07-28,7.0,449
1340,14,369,2025-07-27,8.0,450
1341,14,369,2025-07-28,4.0,450
1342,14,369,2025-07-29,2.0,450
1343,14,369,2025-07-30,7.0,450
1344,1,370,2025-08-03,2.0,451
1345,1,370,2025-08-04,6.0,451
1346,1,370,2025-08-05,6.0,451
1347,19,370,2025-08-03,2.0,452
1348,19,370,2025-08-04,7.0,452
1349,19,370,2025-08-05,6.0,452
1350,23,371,2025-08-03,3.0,453
1351,23,371,2025-08-04,4.0,453
1352,23,371,2025-08-05,3.0,453
1353,23,371,2025-08-06,3.0,453
1354,1,372,2025-08-03,7.0,454
1355,1,372,2025-08-04,2.0,454
1356,7,373,2025-08-10,7.0,455
1357,7,373,2025-08-11,8.0,455
1358,21,374,2025-08-10,3.0,456
1359,21,374,2025-08-11,2.0,456
1360,21,374,2025-08-12,3.0,456
1361,3,374,2025-08-10,4.0,457
1362,3,374,2025-08-11,6.0,457
1363,3,374,2025-08-12,3.0,457
1364,23,375,2025-08-10,2.0,458
1365,23,375,2025-08-11,4.0,458
1366,10,376,2025-08-10,5.0,459
1367,10,376,2025-08-11,8.0,459
1368,10,376,2025-08-12,6.0,459
1369,10,376,2025-08-13,4.0,459
1370,25,377,2025-08-17,2.0,460
1371,25,377,2025-08-18,7.0,460
1372,25,377,2025-08-19,3.0,460
1373,25,377,2025-08-20,5.0,460
1374,10,378,2025-08-17,7.0,461
1375,10,378,2025-08-18,8.0,461
1376,18,378,2025-08-17,8.0,462
1377,18,378,2025-08-18,8.0,462
1378,18,378,2025-08-19,5.0,462
1379,2,379,2025-08-17,7.0,463
1380,2,379,2025-08-18,7.0,463
1381,2,379,2025-08-19,7.0,463
1382,12,379,2025-08-17,8.0,464
1383,12,379,2025-08-18,6.0,464
1384,12,379,2025-08-19,8.0,464
1385,12,379,2025-08-20,4.0,464
1386,4,380,2025-08-17,7.0,465
1387,4,380,2025-08-18,5.0,465
1388,4,380,2025-08-19,3.0,465
1389,21,380,2025-08-17,5.0,466
1390,21,380,2025-08-18,3.0,466
1391,21,380,2025-08-19,2.0,466
1392,21,380,2025-08-20,3.0,466
1393,1,381,2025-08-17,7.0,467
1394,1,381,2025-08-18,6.0,467
1395,8,382,2025-08-24,8.0,468
1396,8,382,2025-08-25,2.0,468
1397,14,382,2025-08-24,8.0,469
1398,14,382,2025-08-25,2.0,469
1399,14,382,2025-08-26,8.0,469
1400,14,382,2025-08-27,8.0,469
1401,22,383,2025-08-24,8.0,470
1402,22,383,2025-08-25,7.0,470
1403,22,383,2025-08-26,5.0,470
1404,14,383,2025-08-24,3.0,471
1405,14,383,2025-08-25,6.0,471
1406,14,383,2025-08-26,4.0,471
1407,14,383,2025-08-27,8.0,471
1408,23,384,2025-08-24,8.0,472
1409,23,384,2025-08-25,5.0,472
1410,23,384,2025-08-26,3.0,472
1411,13,385,2025-08-31,6.0,473
1412,13,385,2025-09-01,5.0,473
1413,13,385,2025-09-02,3.0,473
1414,13,385,2025-09-03,4.0,473
1415,19,386,2025-08-31,3.0,474
1416,19,386,2025-09-01,5.0,474
1417,19,386,2025-09-02,6.0,474
1418,19,386,2025-09-03,8.0,474
1419,7,386,2025-08-31,5.0,475
1420,7,386,2025-09-01,3.0,475
1421,7,386,2025-09-02,2.0,475
1422,25,387,2025-08-31,8.0,476
1423,25,387,2025-09-01,7.0,476
1424,25,387,2025-09-02,2.0,476
1425,15,387,2025-08-31,6.0,477
1426,15,387,2025-09-01,4.0,477
1427,15,387,2025-09-02,8.0,477
1428,7,388,2025-09-07,3.0,478
1429,7,388,2025-09-08,4.0,478
1430,7,388,2025-09-09,5.0,478
1431,21,389,2025-09-07,6.0,479
1432,21,389,2025-09-08,7.0,479
1433,16,389,2025-09-07,2.0,480
1434,16,389,2025-09-08,7.0,480
1435,16,389,2025-09-09,6.0,480
1436,19,390,2025-09-07,7.0,481
1437,19,390,2025-09-08,8.0,481
1438,6,391,2025-09-07,5.0,482
1439,6,391,2025-09-08,6.0,482
1440,21,391,2025-09-07,8.0,483
1441,21,391,2025-09-08,3.0,483
1442,21,391,2025-09-09,3.0,483
1443,13,392,2025-09-14,4.0,484
1444,13,392,2025-09-15,6.0,484
1445,14,393,2025-09-14,6.0,485
1446,14,393,2025-09-15,7.0,485
1447,14,393,2025-09-16,8.0,485
1448,14,393,2025-09-17,8.0,485
1449,14,394,2025-09-14,8.0,486
1450,14,394,2025-09-15,7.0,486
1451,14,394,2025-09-16,2.0,486
1452,21,394,2025-09-14,3.0,487
1453,21,394,2025-09-15,2.0,487
1454,21,394,2025-09-16,6.0,487
1455,21,394,2025-09-17,5.0,487
1456,23,395,2025-09-14,8.0,488
1457,23,395,2025-09-15,6.0,488
1458,23,395,2025-09-16,6.0,488
1459,23,395,2025-09-17,2.0,488
1460,1,395,2025-09-14,8.0,489
1461,1,395,2025-09-15,8.0,489
1462,9,396,2025-09-14,5.0,490
1463,9,396,2025-09-15,8.0,490
1464,19,396,2025-09-14,5.0,491
1465,19,396,2025-09-15,3.0,491
1466,19,396,2025-09-16,4.0,491
1467,25,397,2025-09-21,5.0,492
1468,25,397,2025-09-22,2.0,492
1469,17,397,2025-09-21,8.0,493
1470,17,397,2025-09-22,6.0,493
1471,17,397,2025-09-23,8.0,493
1472,4,398,2025-09-21,4.0,494
1473,4,398,2025-09-22,4.0,494
1474,4,398,2025-09-23,7.0,494
1475,4,398,2025-09-24,3.0,494
1476,22,399,2025-09-21,8.0,495
1477,22,399,2025-09-22,3.0,495
1478,22,399,2025-09-23,7.0,495
1479,24,399,2025-09-21,8.0,496
1480,24,399,2025-09-22,2.0,496
1481,24,399,2025-09-23,4.0,496
1482,3,400,2025-09-21,6.0,497
1483,3,400,2025-09-22,3.0,497
1484,3,401,2025-09-21,5.0,498
1485,3,401,2025-09-22,4.0,498
1486,10,402,2025-09-28,3.0,499
1487,10,402,2025-09-29,3.0,499
1488,10,402,2025-09-30,8.0,499
1489,15,403,2025-09-28,7.0,500
1490,15,403,2025-09-29,6.0,500
1491,15,403,2025-09-30,4.0,500
1492,17,403,2025-09-28,4.0,501
1493,17,403,2025-09-29,5.0,501
1494,25,404,2025-09-28,4.0,502
1495,25,404,2025-09-29,4.0,502
1496,1,404,2025-09-28,2.0,503
1497,1,404,2025-09-29,3.0,503
1498,1,404,2025-09-30,2.0,503
1499,15,405,2025-09-28,2.0,504
1500,15,405,2025-09-29,6.0,504
1501,16,406,2025-09-28,5.0,505
1502,16,406,2025-09-29,2.0,505
1503,16,406,2025-09-30,7.0,505
1504,9,407,2025-10-05,8.0,506
1505,9,407,2025-10-06,6.0,506
1506,9,407,2025-10-07,4.0,506
1507,18,407,2025-10-05,7.0,507
1508,18,407,2025-10-06,7.0,507
1509,18,407,2025-10-07,7.0,507
1510,18,407,2025-10-08,6.0,507
1511,11,408,2025-10-05,4.0,508
1512,11,408,2025-10-06,5.0,508
1513,11,408,2025-10-07,5.0,508
1514,11,408,2025-10-08,3.0,508
1515,8,409,2025-10-05,8.0,509
1516,8,409,2025-10-06,4.0,509
1517,16,409,2025-10-05,5.0,510
1518,16,409,2025-10-06,3.0,510
1519,16,409,2025-10-07,3.0,510
1520,16,409,2025-10-08,5.0,510
1521,8,410,2025-10-05,4.0,511
1522,8,410,2025-10-06,3.0,511
1523,16,410,2025-10-05,8.0,512
1524,16,410,2025-10-06,3.0,512
1525,9,411,2025-10-12,2.0,513
1526,9,411,2025-10-13,6.0,513
1527,9,411,2025-10-14,3.0,513
1528,9,411,2025-10-15,7.0,513
1529,10,412,2025-10-12,8.0,514
1530,10,412,2025-10-13,3.0,514
1531,12,413,2025-10-12,6.0,515
1532,12,413,2025-10-13,2.0,515
1533,12,413,2025-10-14,7.0,515
1534,22,413,2025-10-12,8.0,516
1535,22,413,2025-10-13,2.0,516
1536,22,413,2025-10-14,7.0,516
1537,23,414,2025-10-12,3.0,517
1538,23,414,2025-10-13,5.0,517
1539,3,415,2025-10-19,5.0,518
1540,3,415,2025-10-20,5.0,518
1541,3,415,2025-10-21,3.0,518
1542,9,415,2025-10-19,7.0,519
1543,9,415,2025-10-20,3.0,519
1544,1,416,2025-10-19,8.0,520
1545,1,416,2025-10-20,7.0,520
1546,13,416,2025-10-19,5.0,521
1547,13,416,2025-10-20,3.0,521
1548,13,416,2025-10-21,4.0,521
1549,7,417,2025-10-19,3.0,522
1550,7,417,2025-10-20,3.0,522
1551,7,417,2025-10-21,4.0,522
1552,7,417,2025-10-22,4.0,522
1553,22,418,2025-10-26,2.0,523
1554,22,418,2025-10-27,7.0,523
1555,2,419,2025-10-26,6.0,524
1556,2,419,2025-10-27,2.0,524
1557,2,419,2025-10-28,6.0,524
1558,8,419,2025-10-26,5.0,525
1559,8,419,2025-10-27,8.0,525
1560,8,419,2025-10-28,6.0,525
1561,8,419,2025-10-29,4.0,525
1562,19,420,2025-10-26,6.0,526
1563,19,420,2025-10-27,6.0,526
1564,19,420,2025-10-28,8.0,526
1565,25,420,2025-10-26,6.0,527
1566,25,420,2025-10-27,2.0,527
1567,18,421,2025-11-02,6.0,528
1568,18,421,2025-11-03,4.0,528
1569,18,421,2025-11-04,2.0,528
1570,14,421,2025-11-02,8.0,529
1571,14,421,2025-11-03,7.0,529
1572,7,422,2025-11-02,3.0,530
1573,7,422,2025-11-03,3.0,530
1574,3,423,2025-11-02,3.0,531
1575,3,423,2025-11-03,5.0,531
1576,8,423,2025-11-02,7.0,532
1577,8,423,2025-11-03,3.0,532
1578,8,423,2025-11-04,8.0,532
1579,8,423,2025-11-05,3.0,532
1580,19,424,2025-11-02,6.0,533
1581,19,424,2025-11-03,7.0,533
1582,19,424,2025-11-04,7.0,533
1583,19,425,2025-11-09,8.0,534
1584,19,425,2025-11-10,3.0,534
1585,26,426,2025-11-09,6.0,535
1586,26,426,2025-11-10,4.0,535
1587,26,426,2025-11-11,4.0,535
1588,26,426,2025-11-12,4.0,535
1589,19,426,2025-11-09,2.0,536
1590,19,426,2025-11-10,4.0,536
1591,12,427,2025-11-09,4.0,537
1592,12,427,2025-11-10,3.0,537
1593,12,427,2025-11-11,8.0,537
1594,17,428,2025-11-09,2.0,538
1595,17,428,2025-11-10,5.0,538
1596,17,428,2025-11-11,8.0,538
1597,17,428,2025-11-12,8.0,538
1598,8,428,2025-11-09,3.0,539
1599,8,428,2025-11-10,5.0,539
1600,8,428,2025-11-11,6.0,539
1601,8,428,2025-11-12,7.0,539
1602,19,429,2025-11-09,7.0,540
1603,19,429,2025-11-10,2.0,540
1604,9,429,2025-11-09,8.0,541
1605,9,429,2025-11-10,8.0,541
1606,9,429,2025-11-11,6.0,541
1607,3,430,2025-11-16,4.0,542
1608,3,430,2025-11-17,8.0,542
1609,3,430,2025-11-18,3.0,542
1610,9,431,2025-11-16,6.0,543
1611,9,431,2025-11-17,8.0,543
1612,19,431,2025-11-16,8.0,544
1613,19,431,2025-11-17,4.0,544
1614,19,431,2025-11-18,3.0,544
1615,24,432,2025-11-16,6.0,545
1616,24,432,2025-11-17,3.0,545
1617,24,432,2025-11-18,7.0,545
1618,24,432,2025-11-19,3.0,545
1619,5,432,2025-11-16,4.0,546
1620,5,432,2025-11-17,6.0,546
1621,5,432,2025-11-18,7.0,546
1622,13,433,2025-11-16,8.0,547
1623,13,433,2025-11-17,4.0,547
1624,13,433,2025-11-18,3.0,547
1625,26,433,2025-11-16,7.0,548
1626,26,433,2025-11-17,8.0,548
1627,26,433,2025-11-18,5.0,548
1628,26,433,2025-11-19,3.0,548
1629,11,434,2025-11-16,4.0,549
1630,11,434,2025-11-17,6.0,549
1631,11,434,2025-11-18,4.0,549
1632,16,435,2025-11-23,8.0,550
1633,16,435,2025-11-24,6.0,550
1634,16,435,2025-11-25,7.0,550
1635,16,435,2025-11-26,6.0,550
1636,14,435,2025-11-23,2.0,551
1637,14,435,2025-11-24,3.0,551
1638,19,436,2025-11-23,6.0,552
1639,19,436,2025-11-24,5.0,552
1640,4,436,2025-11-23,8.0,553
1641,4,436,2025-11-24,3.0,553
1642,25,437,2025-11-23,4.0,554
1643,25,437,2025-11-24,3.0,554
1644,25,437,2025-11-25,4.0,554
1645,25,437,2025-11-26,4.0,554
1646,12,437,2025-11-23,3.0,555
1647,12,437,2025-11-24,3.0,555
1648,12,437,2025-11-25,5.0,555
1649,12,437,2025-11-26,2.0,555
1650,6,438,2025-11-23,2.0,556
1651,6,438,2025-11-24,6.0,556
1652,6,438,2025-11-25,2.0,556
1653,6,438,2025-11-26,4.0,556
1654,7,438,2025-11-23,3.0,557
1655,7,438,2025-11-24,2.0,557
1656,7,438,2025-11-25,6.0,557
1657,22,439,2025-11-23,3.0,558
1658,22,439,2025-11-24,6.0,558
1659,22,439,2025-11-25,7.0,558
1660,16,440,2025-11-30,8.0,559
1661,16,440,2025-12-01,4.0,559
1662,16,440,2025-12-02,4.0,559
1663,5,441,2025-11-30,4.0,560
1664,5,441,2025-12-01,6.0,560
1665,5,441,2025-12-02,5.0,560
1666,5,441,2025-12-03,5.0,560
1667,16,442,2025-11-30,4.0,561
1668,16,442,2025-12-01,3.0,561
1669,5,443,2025-11-30,7.0,562
1670,5,443,2025-12-01,6.0,562
1671,5,443,2025-12-02,7.0,562
1672,5,444,2025-11-30,8.0,563
1673,5,444,2025-12-01,2.0,563
1674,26,445,2025-12-07,8.0,564
1675,26,445,2025-12-08,5.0,564
1676,26,445,2025-12-09,7.0,564
1677,26,445,2025-12-10,2.0,564
1678,4,446,2025-12-07,4.0,565
1679,4,446,2025-12-08,7.0,565
1680,4,446,2025-12-09,7.0,565
1681,4,446,2025-12-10,2.0,565
1682,5,447,2025-12-07,4.0,566
1683,5,447,2025-12-08,4.0,566
1684,19,447,2025-12-07,8.0,567
1685,19,447,2025-12-08,8.0,567
1686,19,447,2025-12-09,2.0,567
1687,12,448,2025-12-14,2.0,568
1688,12,448,2025-12-15,6.0,568
1689,12,448,2025-12-16,2.0,568
1690,19,449,2025-12-14,5.0,569
1691,19,449,2025-12-15,8.0,569
1692,26,450,2025-12-14,8.0,570
1693,26,450,2025-12-15,8.0,570
1694,26,450,2025-12-16,4.0,570
1695,25,451,2025-12-21,3.0,571
1696,25,451,2025-12-22,4.0,571
1697,25,451,2025-12-23,2.0,571
1698,25,451,2025-12-24,3.0,571
1699,13,452,2025-12-21,7.0,572
1700,13,452,2025-12-22,7.0,572
1701,9,452,2025-12-21,2.0,573
1702,9,452,2025-12-22,3.0,573
1703,9,452,2025-12-23,2.0,573
1704,9,452,2025-12-24,5.0,573
1705,15,453,2025-12-21,3.0,574
1706,15,453,2025-12-22,5.0,574
1707,15,453,2025-12-23,7.0,574
1708,13,454,2025-12-21,8.0,575
1709,13,454,2025-12-22,6.0,575
1710,13,454,2025-12-23,5.0,575
1711,13,454,2025-12-24,6.0,575
1712,1,455,2025-12-28,7.0,576
1713,1,455,2025-12-29,3.0,576
1714,1,455,2025-12-30,8.0,576
1715,1,455,2025-12-31,2.0,576
1716,11,455,2025-12-28,2.0,577
1717,11,455,2025-12-29,3.0,577
1718,11,455,2025-12-30,6.0,577
1719,11,455,2025-12-31,6.0,577
1720,23,456,2025-12-28,3.0,578
1721,23,456,2025-12-29,6.0,578
1722,15,456,2025-12-28,7.0,579
1723,15,456,2025-12-29,6.0,579
1724,15,456,2025-12-30,2.0,579
1725,15,456,2025-12-31,3.0,579
1726,3,457,2025-12-28,7.0,580
1727,3,457,2025-12-29,6.0,580
1728,3,457,2025-12-30,7.0,580
1729,17,458,2026-01-04,6.0,581
1730,17,458,2026-01-05,3.0,581
1731,17,458,2026-01-06,8.0,581
1732,1,459,2026-01-04,5.0,582
1733,1,459,2026-01-05,6.0,582
1734,1,459,2026-01-06,3.0,582
1735,1,459,2026-01-07,4.0,582
1736,24,459,2026-01-04,2.0,583
1737,24,459,2026-01-05,2.0,583
1738,24,459,2026-01-06,5.0,583
1739,24,459,2026-01-07,2.0,583
1740,25,460,2026-01-04,5.0,584
1741,25,460,2026-01-05,8.0,584
1742,14,460,2026-01-04,5.0,585
1743,14,460,2026-01-05,5.0,585
1744,14,460,2026-01-06,4.0,585
1745,23,461,2026-01-04,3.0,586
1746,23,461,2026-01-05,8.0,586
1747,4,461,2026-01-04,4.0,587
1748,4,461,2026-01-05,3.0,587
1749,4,461,2026-01-06,8.0,587
1750,4,461,2026-01-07,6.0,587
1751,24,462,2026-01-04,7.0,588
1752,24,462,2026-01-05,7.0,588
1753,24,462,2026-01-06,5.0,588
1754,24,462,2026-01-07,5.0,588
1755,8,462,2026-01-04,6.0,589
1756,8,462,2026-01-05,5.0,589
1757,13,463,2026-01-11,8.0,590
1758,13,463,2026-01-12,6.0,590
1759,13,463,2026-01-13,5.0,590
1760,7,463,2026-01-11,8.0,591
1761,7,463,2026-01-12,6.0,591
1762,7,463,2026-01-13,7.0,591
1763,8,464,2026-01-11,6.0,592
1764,8,464,2026-01-12,8.0,592
1765,8,464,2026-01-13,4.0,592
1766,8,464,2026-01-14,5.0,592
1767,16,464,2026-01-11,4.0,593
1768,16,464,2026-01-12,7.0,593
1769,16,464,2026-01-13,2.0,593
1770,5,465,2026-01-11,6.0,594
1771,5,465,2026-01-12,4.0,594
1772,5,465,2026-01-13,8.0,594
1773,1,465,2026-01-11,4.0,595
1774,1,465,2026-01-12,4.0,595
1775,1,465,2026-01-13,7.0,595
1776,20,466,2026-01-11,8.0,596
1777,20,466,2026-01-12,2.0,596
1778,20,466,2026-01-13,7.0,596
1779,20,466,2026-01-14,3.0,596
1780,8,466,2026-01-11,6.0,597
1781,8,466,2026-01-12,7.0,597
1782,8,466,2026-01-13,6.0,597
1783,8,466,2026-01-14,8.0,597
1784,24,467,2026-01-11,6.0,598
1785,24,467,2026-01-12,5.0,598
1786,24,467,2026-01-13,6.0,598
1787,24,467,2026-01-14,5.0,598
1788,8,467,2026-01-11,3.0,599
1789,8,467,2026-01-12,7.0,599
1790,8,467,2026-01-13,7.0,599
1791,5,468,2026-01-18,8.0,600
1792,5,468,2026-01-19,8.0,600
1793,5,468,2026-01-20,3.0,600
1794,9,469,2026-01-18,6.0,601
1795,9,469,2026-01-19,4.0,601
1796,16,469,2026-01-18,2.0,602
1797,16,469,2026-01-19,5.0,602
1798,12,470,2026-01-18,4.0,603
1799,12,470,2026-01-19,2.0,603
1800,4,471,2026-01-18,3.0,604
1801,4,471,2026-01-19,3.0,604
1802,13,471,2026-01-18,6.0,605
1803,13,471,2026-01-19,2.0,605
1804,13,471,2026-01-20,3.0,605
1805,13,471,2026-01-21,5.0,605
1806,4,472,2026-01-25,6.0,606
1807,4,472,2026-01-26,7.0,606
1808,4,472,2026-01-27,8.0,606
1809,2,472,2026-01-25,6.0,607
1810,2,472,2026-01-26,5.0,607
1811,2,472,2026-01-27,5.0,607
1812,26,473,2026-01-25,7.0,608
1813,26,473,2026-01-26,2.0,608
1814,26,473,2026-01-27,6.0,608
1815,3,474,2026-01-25,8.0,609
1816,3,474,2026-01-26,4.0,609
1817,11,475,2026-01-25,6.0,610
1818,11,475,2026-01-26,2.0,610
1819,11,475,2026-01-27,7.0,610
1820,11,475,2026-01-28,6.0,610
1821,12,476,2026-02-01,5.0,611
1822,12,476,2026-02-02,3.0,611
1823,12,476,2026-02-03,6.0,611
1824,12,476,2026-02-04,8.0,611
1825,4,476,2026-02-01,5.0,612
1826,4,476,2026-02-02,5.0,612
1827,4,476,2026-02-03,2.0,612
1828,24,477,2026-02-01,3.0,613
1829,24,477,2026-02-02,2.0,613
1830,24,477,2026-02-03,6.0,613
1831,17,478,2026-02-01,8.0,614
1832,17,478,2026-02-02,8.0,614
1833,17,478,2026-02-03,4.0,614
1834,17,478,2026-02-04,7.0,614
1835,16,478,2026-02-01,3.0,615
1836,16,478,2026-02-02,4.0,615
1837,10,479,2026-02-08,3.0,616
1838,10,479,2026-02-09,8.0,616
1839,10,479,2026-02-10,2.0,616
1840,10,479,2026-02-11,6.0,616
1841,18,480,2026-02-08,6.0,617
1842,18,480,2026-02-09,7.0,617
1843,18,480,2026-02-10,8.0,617
1844,18,480,2026-02-11,8.0,617
1845,23,481,2026-02-08,2.0,618
1846,23,481,2026-02-09,6.0,618
1847,14,481,2026-02-08,7.0,619
1848,14,481,2026-02-09,8.0,619
1849,14,481,2026-02-10,8.0,619
1850,14,481,2026-02-11,4.0,619
1851,11,482,2026-02-15,3.0,620
1852,11,482,2026-02-16,3.0,620
1853,6,483,2026-02-15,5.0,621
1854,6,483,2026-02-16,7.0,621
1855,6,483,2026-02-17,2.0,621
1856,7,484,2026-02-15,4.0,622
1857,7,484,2026-02-16,5.0,622
1858,7,484,2026-02-17,4.0,622
1859,7,484,2026-02-18,2.0,622
